12,43281,4,3123,1,0,0,1,1,1,0,0.013128402,0,0,0,34.35,0,0,0,0,0,0,0,0,0,0,0,0,0,0,0,0,0,0,0,0,0,0,0,0,0,0,0,0,0,0,0,0,0,0,0,0,0,0,0,0,0,4946,0,4946,4946,4946,36,4946,4946,4946,4946,4946,4946,4946,4946,173,4946,4946,4946,4946,4946,4946,4946,4946,4946,175,4946,4946,4946,160,4946,4946,4946,4946,4946,4946,158,4946,4946,4946,4946,4946,4946,4946,0
12,43282,4,3122,1,0,0,1,1,1,0,0.013132607,0,0,0,34.35,0,0,0,0,0,0,0,0,0,0,0,0,0,0,0,0,0,0,0,0,0,0,0,0,0,0,0,0,0,0,0,0,0,0,0,0,0,0,0,0,0,4947,0,4947,4947,4947,37,4947,4947,4947,4947,4947,4947,4947,4947,174,4947,4947,4947,4947,4947,4947,4947,4947,4947,175,4947,4947,4947,161,4947,4947,4947,4947,4947,4947,159,4947,4947,4947,4947,4947,4947,4947,0
12,43283,4,3122,1,0,0,1,1,1,0,0.01537476,0,0,0,34.35,0,0,0,0,0,0,0,0,0,0,0,0,0,0,0,0,0,0,0,0,0,0,0,0,0,0,0,0,0,0,0,0,0,0,0,0,0,0,0,0,0,4948,0,4948,4948,4948,38,4948,4948,4948,4948,4948,4948,4948,4948,175,4948,4948,4948,4948,4948,4948,4948,4948,4948,177,4948,4948,4948,162,4948,4948,4948,4948,4948,4948,160,4948,4948,4948,4948,4948,4948,4948,0
12,43288,4,3123,5,0,0,1,1,1,0,0.985590778,0,0,0,34.35,0,0,0,0,0,0,0,0,0,0,0,0,0,0,0,0,0,0,0,0,0,0,0,0,0,0,0,0,0,0,0,0,0,0,0,0,0,0,0,0,0,4954,0,4954,4954,4954,44,4954,4954,4954,4954,4954,4954,4954,4954,181,4954,4954,4954,4954,4954,4954,4954,4954,4954,182,4954,4954,4954,168,4954,4954,4954,4954,4954,4954,166,4954,4954,4954,4954,4954,4954,4954,0
12,43293,4,3122,5,0,0,1,1,1,0,0.984304933,0,0,0,34.35,0,0,0,0,0,0,0,0,0,0,0,0,0,0,0,0,0,0,0,0,0,0,0,0,0,0,0,0,0,0,0,0,0,0,0,0,0,0,0,0,0,4958,0,4958,4958,4958,48,4958,4958,4958,4958,4958,4958,4958,4958,185,4958,4958,4958,4958,4958,4958,4958,4958,4958,187,4958,4958,4958,173,4958,4958,4958,4958,4958,4958,170,4958,4958,4958,4958,4958,4958,4958,0
12,43309,4,3134,16,0,0,1,1,1,0,0.979578813,0,0,0,34.35,0,0,0,0,0,0,0,0,0,0,0,0,0,0,0,0,0,0,0,0,0,0,0,0,0,0,0,0,0,0,0,0,0,0,0,0,0,0,0,0,0,4974,0,4974,4974,4974,64,4974,4974,4974,4974,4974,4974,4974,4974,201,4974,4974,4974,4974,4974,4974,4974,4974,4974,203,4974,4974,4974,189,4974,4974,4974,4974,4974,4974,186,4974,4974,4974,4974,4974,4974,4974,0
12,43312,4,3136,3,0,0,1,1,1,0,0.980548469,0,0,0,34.35,0,0,0,0,0,0,0,0,0,0,0,0,0,0,0,0,0,0,0,0,0,0,0,0,0,0,0,0,0,0,0,0,0,0,0,0,0,0,0,0,0,4977,0,4977,4977,4977,67,4977,4977,4977,4977,4977,4977,4977,4977,204,4977,4977,4977,4977,4977,4977,4977,4977,4977,205,4977,4977,4977,191,4977,4977,4977,4977,4977,4977,189,4977,4977,4977,4977,4977,4977,4977,0
12,43312,4,3131,0,0,0,1,1,1,0,0.98115618,0,0,0,34.35,0,0,0,0,0,0,0,0,0,0,0,0,0,0,0,0,0,0,0,0,0,0,0,0,0,0,0,0,0,0,0,0,0,0,0,0,0,0,0,0,0,4978,0,4978,4978,4978,67,4978,4978,4978,4978,4978,4978,4978,4978,204,4978,4978,4978,4978,4978,4978,4978,4978,4978,206,4978,4978,4978,192,4978,4978,4978,4978,4978,4978,189,4978,4978,4978,4978,4978,4978,4978,0
12,43313,4,3131,1,0,0,1,1,1,0,0.98115618,0,0,0,34.35,0,0,0,0,0,0,0,0,0,0,0,0,0,0,0,0,0,0,0,0,0,0,0,0,0,0,0,0,0,0,0,0,0,0,0,0,0,0,0,0,0,4979,0,4979,4979,4979,69,4979,4979,4979,4979,4979,4979,4979,4979,206,4979,4979,4979,4979,4979,4979,4979,4979,4979,207,4979,4979,4979,193,4979,4979,4979,4979,4979,4979,191,4979,4979,4979,4979,4979,4979,4979,0
12,43315,4,3130,2,0,0,1,1,1,0,0.980830671,0,0,0,34.35,0,0,0,0,0,0,0,0,0,0,0,0,0,0,0,0,0,0,0,0,0,0,0,0,0,0,0,0,0,0,0,0,0,0,0,0,0,0,0,0,0,4980,0,4980,4980,4980,70,4980,4980,4980,4980,4980,4980,4980,4980,207,4980,4980,4980,4980,4980,4980,4980,4980,4980,209,4980,4980,4980,195,4980,4980,4980,4980,4980,4980,192,4980,4980,4980,4980,4980,4980,4980,0
12,43316,4,3131,1,0,0,1,1,1,0,0.98211434,0,0,0,34.35,0,0,0,0,0,0,0,0,0,0,0,0,0,0,0,0,0,0,0,0,0,0,0,0,0,0,0,0,0,0,0,0,0,0,0,0,0,0,0,0,0,4981,0,4981,4981,4981,71,4981,4981,4981,4981,4981,4981,4981,4981,208,4981,4981,4981,4981,4981,4981,4981,4981,4981,210,4981,4981,4981,196,4981,4981,4981,4981,4981,4981,193,4981,4981,4981,4981,4981,4981,4981,0
12,43329,4,3141,13,0,0,1,1,1,0,0.981534543,0,0,0,34.35,0,0,0,0,0,0,0,0,0,0,0,0,0,0,0,0,0,0,0,0,0,0,0,0,0,0,0,0,0,0,0,0,0,0,0,0,0,0,0,0,0,4994,0,4994,4994,4994,84,4994,4994,4994,4994,4994,4994,4994,4994,221,4994,4994,4994,4994,4994,4994,4994,4994,4994,223,4994,4994,4994,208,4994,4994,4994,4994,4994,4994,206,4994,4994,4994,4994,4994,4994,4994,0
12,43331,4,3139,2,0,0,1,1,1,0,0.981522778,0,0,0,34.35,0,0,0,0,0,0,0,0,0,0,0,0,0,0,0,0,0,0,0,0,0,0,0,0,0,0,0,0,0,0,0,0,0,0,0,0,0,0,0,0,0,4997,0,4997,4997,4997,87,4997,4997,4997,4997,4997,4997,4997,4997,224,4997,4997,4997,4997,4997,4997,4997,4997,4997,225,4997,4997,4997,211,4997,4997,4997,4997,4997,4997,209,4997,4997,4997,4997,4997,4997,4997,0
12,43334,4,3141,3,0,0,1,1,1,0,0.982808023,0,0,0,34.35,0,0,0,0,0,0,0,0,0,0,0,0,0,0,0,0,0,0,0,0,0,0,0,0,0,0,0,0,0,0,0,0,0,0,0,0,0,0,0,0,0,5000,0,5000,5000,5000,89,5000,5000,5000,5000,5000,5000,5000,5000,227,5000,5000,5000,5000,5000,5000,5000,5000,5000,228,5000,5000,5000,214,5000,5000,5000,5000,5000,5000,212,5000,5000,5000,5000,5000,5000,5000,0
12,43337,4,3143,3,0,0,1,1,1,0,0.982182628,0,0,0,34.35,0,0,0,0,0,0,0,0,0,0,0,0,0,0,0,0,0,0,0,0,0,0,0,0,0,0,0,0,0,0,0,0,0,0,0,0,0,0,0,0,0,5002,0,5002,5002,5002,92,5002,5002,5002,5002,5002,5002,5002,5002,229,5002,5002,5002,5002,5002,5002,5002,5002,5002,231,5002,5002,5002,216,5002,5002,5002,5002,5002,5002,214,5002,5002,5002,5002,5002,5002,5002,0
12,43347,4,3148,10,0,0,1,1,1,0,0.97935197,0,0,0,34.35,0,0,0,0,0,0,0,0,0,0,0,0,0,0,0,0,0,0,0,0,0,0,0,0,0,0,0,0,0,0,0,0,0,0,0,0,0,0,0,0,0,5013,0,5013,5013,5013,103,5013,5013,5013,5013,5013,5013,5013,5013,240,5013,5013,5013,5013,5013,5013,5013,5013,5013,241,5013,5013,5013,227,5013,5013,5013,5013,5013,5013,225,5013,5013,5013,5013,5013,5013,5013,0
12,43349,4,3148,2,0,0,1,1,1,0,0.979034307,0,0,0,34.35,0,0,0,0,0,0,0,0,0,0,0,0,0,0,0,0,0,0,0,0,0,0,0,0,0,0,0,0,0,0,0,0,0,0,0,0,0,0,0,0,0,5015,0,5015,5015,5015,104,5015,5015,5015,5015,5015,5015,5015,5015,242,5015,5015,5015,5015,5015,5015,5015,5015,5015,243,5015,5015,5015,229,5015,5015,5015,5015,5015,5015,227,5015,5015,5015,5015,5015,5015,5015,0
12,43354,4,3145,5,0,0,1,1,1,0,0.979014308,0,0,0,34.35,0,0,0,0,0,0,0,0,0,0,0,0,0,0,0,0,0,0,0,0,0,0,0,0,0,0,0,0,0,0,0,0,0,0,0,0,0,0,0,0,0,5020,0,5020,5020,5020,109,5020,5020,5020,5020,5020,5020,5020,5020,246,5020,5020,5020,5020,5020,5020,5020,5020,5020,248,5020,5020,5020,234,5020,5020,5020,5020,5020,5020,231,5020,5020,5020,5020,5020,5020,5020,0
12,43356,4,113,2,0,0,1,1,1,0,0.442477876,0,0,0,34.35,0,0,0,0,0,0,0,0,0,0,0,0,0,0,0,0,0,0,0,0,0,0,0,0,0,0,0,0,0,0,0,0,0,0,0,0,0,0,0,0,0,5021,0,5021,5021,5021,111,5021,5021,5021,5021,5021,5021,5021,5021,248,5021,5021,5021,5021,5021,5021,5021,5021,5021,250,5021,5021,5021,235,5021,5021,5021,5021,5021,5021,233,5021,5021,5021,5021,5021,5021,5021,0
12,43360,4,116,4,0,0,1,1,1,0,0.560344828,0,0,0,34.35,0,0,0,0,0,0,0,0,0,0,0,0,0,0,0,0,0,0,0,0,0,0,0,0,0,0,0,0,0,0,0,0,0,0,0,0,0,0,0,0,0,5026,0,5026,5026,5026,116,5026,5026,5026,5026,5026,5026,5026,5026,253,5026,5026,5026,5026,5026,5026,5026,5026,5026,254,5026,5026,5026,240,5026,5026,5026,5026,5026,5026,238,5026,5026,5026,5026,5026,5026,5026,0
12,43367,4,122,7,0,0,1,1,1,0,0.549180328,0,0,0,34.35,0,0,0,0,0,0,0,0,0,0,0,0,0,0,0,0,0,0,0,0,0,0,0,0,0,0,0,0,0,0,0,0,0,0,0,0,0,0,0,0,0,5033,0,5033,5033,5033,123,5033,5033,5033,5033,5033,5033,5033,5033,260,5033,5033,5033,5033,5033,5033,5033,5033,5033,261,5033,5033,5033,247,5033,5033,5033,5033,5033,5033,245,5033,5033,5033,5033,5033,5033,5033,0
12,43369,4,118,2,0,0,1,1,1,0,0.516949153,0,0,0,34.35,0,0,0,0,0,0,0,0,0,0,0,0,0,0,0,0,0,0,0,0,0,0,0,0,0,0,0,0,0,0,0,0,0,0,0,0,0,0,0,0,0,5034,0,5034,5034,5034,124,5034,5034,5034,5034,5034,5034,5034,5034,261,5034,5034,5034,5034,5034,5034,5034,5034,5034,263,5034,5034,5034,248,5034,5034,5034,5034,5034,5034,246,5034,5034,5034,5034,5034,5034,5034,0
12,43373,4,120,4,0,0,1,1,1,0,0.5,0,0,0,34.35,0,0,0,0,0,0,0,0,0,0,0,0,0,0,0,0,0,0,0,0,0,0,0,0,0,0,0,0,0,0,0,0,0,0,0,0,0,0,0,0,0,5038,0,5038,5038,5038,128,5038,5038,5038,5038,5038,5038,5038,5038,265,5038,5038,5038,5038,5038,5038,5038,5038,5038,267,5038,5038,5038,252,5038,5038,5038,5038,5038,5038,250,5038,5038,5038,5038,5038,5038,5038,0
12,43373,4,119,0,0,0,1,1,1,0,0.512605042,0,0,0,34.35,0,0,0,0,0,0,0,0,0,0,0,0,0,0,0,0,0,0,0,0,0,0,0,0,0,0,0,0,0,0,0,0,0,0,0,0,0,0,0,0,0,5039,0,5039,5039,5039,129,5039,5039,5039,5039,5039,5039,5039,5039,266,5039,5039,5039,5039,5039,5039,5039,5039,5039,267,5039,5039,5039,253,5039,5039,5039,5039,5039,5039,251,5039,5039,5039,5039,5039,5039,5039,0
12,43375,4,120,2,0,0,1,1,1,0,0.508333333,0,0,0,34.35,0,0,0,0,0,0,0,0,0,0,0,0,0,0,0,0,0,0,0,0,0,0,0,0,0,0,0,0,0,0,0,0,0,0,0,0,0,0,0,0,0,5040,0,5040,5040,5040,130,5040,5040,5040,5040,5040,5040,5040,5040,267,5040,5040,5040,5040,5040,5040,5040,5040,5040,268,5040,5040,5040,254,5040,5040,5040,5040,5040,5040,252,5040,5040,5040,5040,5040,5040,5040,0
12,43377,4,117,2,0,0,1,1,1,0,0.58974359,0,0,0,34.35,0,0,0,0,0,0,0,0,0,0,0,0,0,0,0,0,0,0,0,0,0,0,0,0,0,0,0,0,0,0,0,0,0,0,0,0,0,0,0,0,0,5043,0,5043,5043,5043,133,5043,5043,5043,5043,5043,5043,5043,5043,270,5043,5043,5043,5043,5043,5043,5043,5043,5043,271,5043,5043,5043,257,5043,5043,5043,5043,5043,5043,255,5043,5043,5043,5043,5043,5043,5043,0
12,43380,4,109,3,0,0,1,1,1,0,0.550458716,0,0,0,34.35,0,0,0,0,0,0,0,0,0,0,0,0,0,0,0,0,0,0,0,0,0,0,0,0,0,0,0,0,0,0,0,0,0,0,0,0,0,0,0,0,0,5045,0,5045,5045,5045,135,5045,5045,5045,5045,5045,5045,5045,5045,272,5045,5045,5045,5045,5045,5045,5045,5045,5045,274,5045,5045,5045,259,5045,5045,5045,5045,5045,5045,257,5045,5045,5045,5045,5045,5045,5045,0
12,43384,4,111,4,0,0,1,1,1,0,0.54954955,0,0,0,34.35,0,0,0,0,0,0,0,0,0,0,0,0,0,0,0,0,0,0,0,0,0,0,0,0,0,0,0,0,0,0,0,0,0,0,0,0,0,0,0,0,0,5050,0,5050,5050,5050,139,5050,5050,5050,5050,5050,5050,5050,5050,276,5050,5050,5050,5050,5050,5050,5050,5050,5050,278,5050,5050,5050,264,5050,5050,5050,5050,5050,5050,261,5050,5050,5050,5050,5050,5050,5050,0
12,43387,4,107,3,0,0,1,1,1,0,0.53271028,0,0,0,34.35,0,0,0,0,0,0,0,0,0,0,0,0,0,0,0,0,0,0,0,0,0,0,0,0,0,0,0,0,0,0,0,0,0,0,0,0,0,0,0,0,0,5053,0,5053,5053,5053,142,5053,5053,5053,5053,5053,5053,5053,5053,279,5053,5053,5053,5053,5053,5053,5053,5053,5053,281,5053,5053,5053,267,5053,5053,5053,5053,5053,5053,264,5053,5053,5053,5053,5053,5053,5053,0
12,43390,4,109,3,0,0,1,1,1,0,0.605504587,0,0,0,34.35,0,0,0,0,0,0,0,0,0,0,0,0,0,0,0,0,0,0,0,0,0,0,0,0,0,0,0,0,0,0,0,0,0,0,0,0,0,0,0,0,0,5055,0,5055,5055,5055,145,5055,5055,5055,5055,5055,5055,5055,5055,282,5055,5055,5055,5055,5055,5055,5055,5055,5055,284,5055,5055,5055,270,5055,5055,5055,5055,5055,5055,267,5055,5055,5055,5055,5055,5055,5055,0
12,43394,4,112,4,1,0,1,1,1,0,0.598214286,0,0,0,34.35,0,0,0,0,0,0,0,0,0,0,0,0,0,0,0,0,0,0,0,0,0,0,0,0,0,0,0,0,0,0,0,0,0,0,0,0,0,0,0,0,0,5060,0,5060,5060,5060,149,5060,5060,5060,5060,5060,5060,5060,5060,287,5060,5060,5060,5060,5060,5060,5060,5060,5060,288,5060,5060,5060,274,5060,5060,5060,5060,5060,5060,272,5060,5060,5060,5060,5060,5060,5060,0
12,43396,4,113,2,1,0,1,1,1,0,0.628318584,0,0,0,34.35,0,0,0,0,0,0,0,0,0,0,0,0,0,0,0,0,0,0,0,0,0,0,0,0,0,0,0,0,0,0,0,0,0,0,0,0,0,0,0,0,0,5062,0,5062,5062,5062,152,5062,5062,5062,5062,5062,5062,5062,5062,289,5062,5062,5062,5062,5062,5062,5062,5062,5062,290,5062,5062,5062,276,5062,5062,5062,5062,5062,5062,274,5062,5062,5062,5062,5062,5062,5062,0
12,43398,4,110,2,1,0,1,1,1,0,0.618181818,0,0,0,34.35,0,0,0,0,0,0,0,0,0,0,0,0,0,0,0,0,0,0,0,0,0,0,0,0,0,0,0,0,0,0,0,0,0,0,0,0,0,0,0,0,0,5064,0,5064,5064,5064,154,5064,5064,5064,5064,5064,5064,5064,5064,291,5064,5064,5064,5064,5064,5064,5064,5064,5064,292,5064,5064,5064,278,5064,5064,5064,5064,5064,5064,276,5064,5064,5064,5064,5064,5064,5064,0
12,43404,4,111,6,1,0,1,1,1,0,0.603603604,0,0,0,34.35,0,0,0,0,0,0,0,0,0,0,0,0,0,0,0,0,0,0,0,0,0,0,0,0,0,0,0,0,0,0,0,0,0,0,0,0,0,0,0,0,0,5070,0,5070,5070,5070,160,5070,5070,5070,5070,5070,5070,5070,5070,297,5070,5070,5070,5070,5070,5070,5070,5070,5070,298,5070,5070,5070,284,5070,5070,5070,5070,5070,5070,282,5070,5070,5070,5070,5070,5070,5070,0
12,43405,4,96,1,1,0,1,1,1,0,0.604166667,0,0,0,34.35,0,0,0,0,0,0,0,0,0,0,0,0,0,0,0,0,0,0,0,0,0,0,0,0,0,0,0,0,0,0,0,0,0,0,0,0,0,0,0,0,0,5071,0,5071,5071,5071,161,5071,5071,5071,5071,5071,5071,5071,5071,298,5071,5071,5071,5071,5071,5071,5071,5071,5071,299,5071,5071,5071,285,5071,5071,5071,5071,5071,5071,283,5071,5071,5071,5071,5071,5071,5071,0
12,43406,4,94,1,1,0,1,1,1,0,0.606382979,0,0,0,34.35,0,0,0,0,0,0,0,0,0,0,0,0,0,0,0,0,0,0,0,0,0,0,0,0,0,0,0,0,0,0,0,0,0,0,0,0,0,0,0,0,0,5072,0,5072,5072,5072,161,5072,5072,5072,5072,5072,5072,5072,5072,298,5072,5072,5072,5072,5072,5072,5072,5072,5072,300,5072,5072,5072,286,5072,5072,5072,5072,5072,5072,283,5072,5072,5072,5072,5072,5072,5072,0
12,43407,4,95,1,1,0,1,1,1,0,0.642105263,0,0,0,34.35,0,0,0,0,0,0,0,0,0,0,0,0,0,0,0,0,0,0,0,0,0,0,0,0,0,0,0,0,0,0,0,0,0,0,0,0,0,0,0,0,0,5073,0,5073,5073,5073,162,5073,5073,5073,5073,5073,5073,5073,5073,299,5073,5073,5073,5073,5073,5073,5073,5073,5073,301,5073,5073,5073,287,5073,5073,5073,5073,5073,5073,284,5073,5073,5073,5073,5073,5073,5073,0
12,43418,4,105,11,1,0,1,1,1,0,0.571428571,0,0,0,34.35,0,0,0,0,0,0,0,0,0,0,0,0,0,0,0,0,0,0,0,0,0,0,0,0,0,0,0,0,0,0,0,0,0,0,0,0,0,0,0,0,0,5084,0,5084,5084,5084,173,5084,5084,5084,5084,5084,5084,5084,5084,310,5084,5084,5084,5084,5084,5084,5084,5084,5084,312,5084,5084,5084,298,5084,5084,5084,5084,5084,5084,295,5084,5084,5084,5084,5084,5084,5084,0
12,43419,4,104,1,1,0,1,1,1,0,0.576923077,0,0,0,34.35,0,0,0,0,0,0,0,0,0,0,0,0,0,0,0,0,0,0,0,0,0,0,0,0,0,0,0,0,0,0,0,0,0,0,0,0,0,0,0,0,0,5085,0,5085,5085,5085,174,5085,5085,5085,5085,5085,5085,5085,5085,312,5085,5085,5085,5085,5085,5085,5085,5085,5085,313,5085,5085,5085,299,5085,5085,5085,5085,5085,5085,296,5085,5085,5085,5085,5085,5085,5085,0
12,43422,4,106,3,1,0,1,1,1,0,0.575471698,0,0,0,34.35,0,0,0,0,0,0,0,0,0,0,0,0,0,0,0,0,0,0,0,0,0,0,0,0,0,0,0,0,0,0,0,0,0,0,0,0,0,0,0,0,0,5088,0,5088,5088,5088,177,5088,5088,5088,5088,5088,5088,5088,5088,314,5088,5088,5088,5088,5088,5088,5088,5088,5088,316,5088,5088,5088,302,5088,5088,5088,5088,5088,5088,299,5088,5088,5088,5088,5088,5088,5088,0
12,43423,4,94,1,1,0,1,1,1,0,0.542553191,0,0,0,34.35,0,0,0,0,0,0,0,0,0,0,0,0,0,0,0,0,0,0,0,0,0,0,0,0,0,0,0,0,0,0,0,0,0,0,0,0,0,0,0,0,0,5089,0,5089,5089,5089,179,5089,5089,5089,5089,5089,5089,5089,5089,316,5089,5089,5089,5089,5089,5089,5089,5089,5089,317,5089,5089,5089,303,5089,5089,5089,5089,5089,5089,301,5089,5089,5089,5089,5089,5089,5089,0
12,43424,4,93,1,1,0,1,1,1,0,0.569892473,0,0,0,34.35,0,0,0,0,0,0,0,0,0,0,0,0,0,0,0,0,0,0,0,0,0,0,0,0,0,0,0,0,0,0,0,0,0,0,0,0,0,0,0,0,0,5090,0,5090,5090,5090,179,5090,5090,5090,5090,5090,5090,5090,5090,316,5090,5090,5090,5090,5090,5090,5090,5090,5090,318,5090,5090,5090,304,5090,5090,5090,5090,5090,5090,301,5090,5090,5090,5090,5090,5090,5090,0
12,43425,4,91,1,1,0,1,1,1,0,0.582417582,0,0,0,34.35,0,0,0,0,0,0,0,0,0,0,0,0,0,0,0,0,0,0,0,0,0,0,0,0,0,0,0,0,0,0,0,0,0,0,0,0,0,0,0,0,0,5091,0,5091,5091,5091,180,5091,5091,5091,5091,5091,5091,5091,5091,318,5091,5091,5091,5091,5091,5091,5091,5091,5091,319,5091,5091,5091,305,5091,5091,5091,5091,5091,5091,302,5091,5091,5091,5091,5091,5091,5091,0
12,43430,4,93,5,1,0,1,1,1,0,0.569892473,0,0,0,34.35,0,0,0,0,0,0,0,0,0,0,0,0,0,0,0,0,0,0,0,0,0,0,0,0,0,0,0,0,0,0,0,0,0,0,0,0,0,0,0,0,0,5096,0,5096,5096,5096,185,5096,5096,5096,5096,5096,5096,5096,5096,322,5096,5096,5096,5096,5096,5096,5096,5096,5096,324,5096,5096,5096,310,5096,5096,5096,5096,5096,5096,307,5096,5096,5096,5096,5096,5096,5096,0
12,43432,4,85,2,1,0,1,1,1,0,0.552941176,0,0,0,34.35,0,0,0,0,0,0,0,0,0,0,0,0,0,0,0,0,0,0,0,0,0,0,0,0,0,0,0,0,0,0,0,0,0,0,0,0,0,0,0,0,0,5098,0,5098,5098,5098,188,5098,5098,5098,5098,5098,5098,5098,5098,325,5098,5098,5098,5098,5098,5098,5098,5098,5098,326,5098,5098,5098,312,5098,5098,5098,5098,5098,5098,310,5098,5098,5098,5098,5098,5098,5098,0
12,43433,4,84,1,1,0,1,1,1,0,0.55952381,0,0,0,34.35,0,0,0,0,0,0,0,0,0,0,0,0,0,0,0,0,0,0,0,0,0,0,0,0,0,0,0,0,0,0,0,0,0,0,0,0,0,0,0,0,0,5099,0,5099,5099,5099,189,5099,5099,5099,5099,5099,5099,5099,5099,326,5099,5099,5099,5099,5099,5099,5099,5099,5099,327,5099,5099,5099,313,5099,5099,5099,5099,5099,5099,311,5099,5099,5099,5099,5099,5099,5099,0
12,43437,4,83,4,1,0,1,1,1,0,0.530120482,0,0,0,34.35,0,0,0,0,0,0,0,0,0,0,0,0,0,0,0,0,0,0,0,0,0,0,0,0,0,0,0,0,0,0,0,0,0,0,0,0,0,0,0,0,0,5102,0,5102,5102,5102,192,5102,5102,5102,5102,5102,5102,5102,5102,329,5102,5102,5102,5102,5102,5102,5102,5102,5102,331,5102,5102,5102,317,5102,5102,5102,5102,5102,5102,314,5102,5102,5102,5102,5102,5102,5102,0
12,43438,4,82,1,1,0,1,1,1,0,0.585365854,0,0,0,34.35,0,0,0,0,0,0,0,0,0,0,0,0,0,0,0,0,0,0,0,0,0,0,0,0,0,0,0,0,0,0,0,0,0,0,0,0,0,0,0,0,0,5104,0,5104,5104,5104,194,5104,5104,5104,5104,5104,5104,5104,5104,331,5104,5104,5104,5104,5104,5104,5104,5104,5104,332,5104,5104,5104,318,5104,5104,5104,5104,5104,5104,316,5104,5104,5104,5104,5104,5104,5104,0
12,43441,4,81,3,1,0,1,1,1,0,0.555555556,0,0,0,34.35,0,0,0,0,0,0,0,0,0,0,0,0,0,0,0,0,0,0,0,0,0,0,0,0,0,0,0,0,0,0,0,0,0,0,0,0,0,0,0,0,0,5106,0,5106,5106,5106,196,5106,5106,5106,5106,5106,5106,5106,5106,333,5106,5106,5106,5106,5106,5106,5106,5106,5106,335,5106,5106,5106,321,5106,5106,5106,5106,5106,5106,318,5106,5106,5106,5106,5106,5106,5106,0
12,43442,4,75,1,1,0,1,1,1,0,0.52,0,0,0,34.35,0,0,0,0,0,0,0,0,0,0,0,0,0,0,0,0,0,0,0,0,0,0,0,0,0,0,0,0,0,0,0,0,0,0,0,0,0,0,0,0,0,5107,0,5107,5107,5107,197,5107,5107,5107,5107,5107,5107,5107,5107,334,5107,5107,5107,5107,5107,5107,5107,5107,5107,336,5107,5107,5107,322,5107,5107,5107,5107,5107,5107,319,5107,5107,5107,5107,5107,5107,5107,0
12,43444,4,75,2,1,0,1,1,1,0,0.506666667,0,0,0,34.35,0,0,0,0,0,0,0,0,0,0,0,0,0,0,0,0,0,0,0,0,0,0,0,0,0,0,0,0,0,0,0,0,0,0,0,0,0,0,0,0,0,5109,0,5109,5109,5109,199,5109,5109,5109,5109,5109,5109,5109,5109,336,5109,5109,5109,5109,5109,5109,5109,5109,5109,338,5109,5109,5109,323,5109,5109,5109,5109,5109,5109,321,5109,5109,5109,5109,5109,5109,5109,0
12,43446,4,73,2,1,0,1,1,1,0,0.616438356,0,0,0,34.35,0,0,0,0,0,0,0,0,0,0,0,0,0,0,0,0,0,0,0,0,0,0,0,0,0,0,0,0,0,0,0,0,0,0,0,0,0,0,0,0,0,5112,0,5112,5112,5112,201,5112,5112,5112,5112,5112,5112,5112,5112,339,5112,5112,5112,5112,5112,5112,5112,5112,5112,340,5112,5112,5112,326,5112,5112,5112,5112,5112,5112,323,5112,5112,5112,5112,5112,5112,5112,0
12,43447,4,74,1,1,0,1,1,1,0,0.621621622,0,0,0,34.35,0,0,0,0,0,0,0,0,0,0,0,0,0,0,0,0,0,0,0,0,0,0,0,0,0,0,0,0,0,0,0,0,0,0,0,0,0,0,0,0,0,5113,0,5113,5113,5113,203,5113,5113,5113,5113,5113,5113,5113,5113,340,5113,5113,5113,5113,5113,5113,5113,5113,5113,341,5113,5113,5113,327,5113,5113,5113,5113,5113,5113,325,5113,5113,5113,5113,5113,5113,5113,0
12,43448,4,73,1,1,0,1,1,1,0,0.643835616,0,0,0,34.35,0,0,0,0,0,0,0,0,0,0,0,0,0,0,0,0,0,0,0,0,0,0,0,0,0,0,0,0,0,0,0,0,0,0,0,0,0,0,0,0,0,5114,0,5114,5114,5114,204,5114,5114,5114,5114,5114,5114,5114,5114,341,5114,5114,5114,5114,5114,5114,5114,5114,5114,342,5114,5114,5114,328,5114,5114,5114,5114,5114,5114,326,5114,5114,5114,5114,5114,5114,5114,0
12,43450,4,73,2,1,0,1,1,1,0,0.630136986,0,0,0,34.35,0,0,0,0,0,0,0,0,0,0,0,0,0,0,0,0,0,0,0,0,0,0,0,0,0,0,0,0,0,0,0,0,0,0,0,0,0,0,0,0,0,5116,0,5116,5116,5116,205,5116,5116,5116,5116,5116,5116,5116,5116,342,5116,5116,5116,5116,5116,5116,5116,5116,5116,344,5116,5116,5116,330,5116,5116,5116,5116,5116,5116,327,5116,5116,5116,5116,5116,5116,5116,0
12,43458,4,78,8,1,0,1,1,1,0,0.564102564,0,0,0,34.35,0,0,0,0,0,0,0,0,0,0,0,0,0,0,0,0,0,0,0,0,0,0,0,0,0,0,0,0,0,0,0,0,0,0,0,0,0,0,0,0,0,5123,0,5123,5123,5123,213,5123,5123,5123,5123,5123,5123,5123,5123,350,5123,5123,5123,5123,5123,5123,5123,5123,5123,351,5123,5123,5123,337,5123,5123,5123,5123,5123,5123,335,5123,5123,5123,5123,5123,5123,5123,0
12,43459,4,75,1,1,0,1,1,1,0,0.546666667,0,0,0,34.35,0,0,0,0,0,0,0,0,0,0,0,0,0,0,0,0,0,0,0,0,0,0,0,0,0,0,0,0,0,0,0,0,0,0,0,0,0,0,0,0,0,5124,0,5124,5124,5124,214,5124,5124,5124,5124,5124,5124,5124,5124,351,5124,5124,5124,5124,5124,5124,5124,5124,5124,353,5124,5124,5124,338,5124,5124,5124,5124,5124,5124,336,5124,5124,5124,5124,5124,5124,5124,0
12,43460,4,73,1,1,0,1,1,1,0,0.589041096,0,0,0,34.35,0,0,0,0,0,0,0,0,0,0,0,0,0,0,0,0,0,0,0,0,0,0,0,0,0,0,0,0,0,0,0,0,0,0,0,0,0,0,0,0,0,5126,0,5126,5126,5126,215,5126,5126,5126,5126,5126,5126,5126,5126,352,5126,5126,5126,5126,5126,5126,5126,5126,5126,354,5126,5126,5126,340,5126,5126,5126,5126,5126,5126,337,5126,5126,5126,5126,5126,5126,5126,0
12,43462,4,72,2,1,0,1,1,1,0,0.583333333,0,0,0,34.35,0,0,0,0,0,0,0,0,0,0,0,0,0,0,0,0,0,0,0,0,0,0,0,0,0,0,0,0,0,0,0,0,0,0,0,0,0,0,0,0,0,5127,0,5127,5127,5127,217,5127,5127,5127,5127,5127,5127,5127,5127,354,5127,5127,5127,5127,5127,5127,5127,5127,5127,356,5127,5127,5127,342,5127,5127,5127,5127,5127,5127,339,5127,5127,5127,5127,5127,5127,5127,0
12,43466,4,72,4,1,0,1,1,1,0,0.541666667,0,0,0,34.35,0,0,0,0,0,0,0,0,0,0,0,0,0,0,0,0,0,0,0,0,0,0,0,0,0,0,0,0,0,0,0,0,0,0,0,0,0,0,0,0,0,5132,0,5132,5132,5132,222,5132,5132,5132,5132,5132,5132,5132,5132,359,5132,5132,5132,5132,5132,5132,5132,5132,5132,360,5132,5132,5132,346,5132,5132,5132,5132,5132,5132,344,5132,5132,5132,5132,5132,5132,5132,0
12,43469,4,73,3,1,1,1,1,1,0,0.561643836,0,0,0,34.35,0,0,0,0,0,0,0,0,0,0,0,0,0,0,0,0,0,0,0,0,0,0,0,0,0,0,0,0,0,0,0,0,0,0,0,0,0,0,0,0,0,5135,0,5135,5135,5135,225,5135,5135,5135,5135,5135,5135,5135,5135,362,5135,5135,5135,5135,5135,5135,5135,5135,5135,363,5135,5135,5135,349,5135,5135,5135,5135,5135,5135,347,5135,5135,5135,5135,5135,5135,5135,0
12,43472,4,74,3,1,1,1,1,1,0,0.540540541,0,0,0,34.35,0,0,0,0,0,0,0,0,0,0,0,0,0,0,0,0,0,0,0,0,0,0,0,0,0,0,0,0,0,0,0,0,0,0,0,0,0,0,0,0,0,5137,0,5137,5137,5137,227,5137,5137,5137,5137,5137,5137,5137,5137,364,5137,5137,5137,5137,5137,5137,5137,5137,5137,366,5137,5137,5137,351,5137,5137,5137,5137,5137,5137,349,5137,5137,5137,5137,5137,5137,5137,0
12,43473,4,69,1,1,1,1,1,1,0,0.536231884,0,0,0,34.35,0,0,0,0,0,0,0,0,0,0,0,0,0,0,0,0,0,0,0,0,0,0,0,0,0,0,0,0,0,0,0,0,0,0,0,0,0,0,0,0,0,5138,0,5138,5138,5138,228,5138,5138,5138,5138,5138,5138,5138,5138,365,5138,5138,5138,5138,5138,5138,5138,5138,5138,367,5138,5138,5138,352,5138,5138,5138,5138,5138,5138,350,5138,5138,5138,5138,5138,5138,5138,0
12,43473,4,68,0,1,1,1,1,1,0,0.544117647,0,0,0,34.35,0,0,0,0,0,0,0,0,0,0,0,0,0,0,0,0,0,0,0,0,0,0,0,0,0,0,0,0,0,0,0,0,0,0,0,0,0,0,0,0,0,5139,0,5139,5139,5139,229,5139,5139,5139,5139,5139,5139,5139,5139,366,5139,5139,5139,5139,5139,5139,5139,5139,5139,367,5139,5139,5139,353,5139,5139,5139,5139,5139,5139,351,5139,5139,5139,5139,5139,5139,5139,0
12,43475,4,69,2,1,1,1,1,1,0,0.550724638,0,0,0,34.35,0,0,0,0,0,0,0,0,0,0,0,0,0,0,0,0,0,0,0,0,0,0,0,0,0,0,0,0,0,0,0,0,0,0,0,0,0,0,0,0,0,5140,0,5140,5140,5140,230,5140,5140,5140,5140,5140,5140,5140,5140,367,5140,5140,5140,5140,5140,5140,5140,5140,5140,368,5140,5140,5140,354,5140,5140,5140,5140,5140,5140,352,5140,5140,5140,5140,5140,5140,5140,0
12,43476,4,69,1,1,1,1,1,1,0,0.565217391,0,0,0,34.35,0,0,0,0,0,0,0,0,0,0,0,0,0,0,0,0,0,0,0,0,0,0,0,0,0,0,0,0,0,0,0,0,0,0,0,0,0,0,0,0,0,5141,0,5141,5141,5141,231,5141,5141,5141,5141,5141,5141,5141,5141,368,5141,5141,5141,5141,5141,5141,5141,5141,5141,370,5141,5141,5141,355,5141,5141,5141,5141,5141,5141,353,5141,5141,5141,5141,5141,5141,5141,0
12,43477,4,59,1,1,1,1,1,1,0,0.491525424,0,0,0,34.35,0,0,0,0,0,0,0,0,0,0,0,0,0,0,0,0,0,0,0,0,0,0,0,0,0,0,0,0,0,0,0,0,0,0,0,0,0,0,0,0,0,5142,0,5142,5142,5142,232,5142,5142,5142,5142,5142,5142,5142,5142,369,5142,5142,5142,5142,5142,5142,5142,5142,5142,371,5142,5142,5142,357,5142,5142,5142,5142,5142,5142,354,5142,5142,5142,5142,5142,5142,5142,0
12,43478,4,59,1,1,1,1,1,1,0,0.491525424,0,0,0,34.35,0,0,0,0,0,0,0,0,0,0,0,0,0,0,0,0,0,0,0,0,0,0,0,0,0,0,0,0,0,0,0,0,0,0,0,0,0,0,0,0,0,5143,0,5143,5143,5143,233,5143,5143,5143,5143,5143,5143,5143,5143,370,5143,5143,5143,5143,5143,5143,5143,5143,5143,372,5143,5143,5143,357,5143,5143,5143,5143,5143,5143,355,5143,5143,5143,5143,5143,5143,5143,0
12,43479,4,57,1,1,1,1,1,1,0,0.49122807,0,0,0,34.35,0,0,0,0,0,0,0,0,0,0,0,0,0,0,0,0,0,0,0,0,0,0,0,0,0,0,0,0,0,0,0,0,0,0,0,0,0,0,0,0,0,5144,0,5144,5144,5144,234,5144,5144,5144,5144,5144,5144,5144,5144,371,5144,5144,5144,5144,5144,5144,5144,5144,5144,373,5144,5144,5144,358,5144,5144,5144,5144,5144,5144,356,5144,5144,5144,5144,5144,5144,5144,0
12,43481,4,58,2,1,1,1,1,1,0,0.603448276,0,0,0,34.35,0,0,0,0,0,0,0,0,0,0,0,0,0,0,0,0,0,0,0,0,0,0,0,0,0,0,0,0,0,0,0,0,0,0,0,0,0,0,0,0,0,5146,0,5146,5146,5146,236,5146,5146,5146,5146,5146,5146,5146,5146,373,5146,5146,5146,5146,5146,5146,5146,5146,5146,375,5146,5146,5146,360,5146,5146,5146,5146,5146,5146,358,5146,5146,5146,5146,5146,5146,5146,0
12,43483,4,59,2,1,1,1,1,1,0,0.593220339,0,0,0,34.35,0,0,0,0,0,0,0,0,0,0,0,0,0,0,0,0,0,0,0,0,0,0,0,0,0,0,0,0,0,0,0,0,0,0,0,0,0,0,0,0,0,5148,0,5148,5148,5148,238,5148,5148,5148,5148,5148,5148,5148,5148,375,5148,5148,5148,5148,5148,5148,5148,5148,5148,377,5148,5148,5148,362,5148,5148,5148,5148,5148,5148,360,5148,5148,5148,5148,5148,5148,5148,0
12,43484,4,59,1,1,1,1,1,1,0,0.593220339,0,0,0,34.35,0,0,0,0,0,0,0,0,0,0,0,0,0,0,0,0,0,0,0,0,0,0,0,0,0,0,0,0,0,0,0,0,0,0,0,0,0,0,0,0,0,5150,0,5150,5150,5150,239,5150,5150,5150,5150,5150,5150,5150,5150,377,5150,5150,5150,5150,5150,5150,5150,5150,5150,378,5150,5150,5150,364,5150,5150,5150,5150,5150,5150,362,5150,5150,5150,5150,5150,5150,5150,0
12,43485,4,55,1,1,1,1,1,1,0,0.581818182,0,0,0,34.35,0,0,0,0,0,0,0,0,0,0,0,0,0,0,0,0,0,0,0,0,0,0,0,0,0,0,0,0,0,0,0,0,0,0,0,0,0,0,0,0,0,5151,0,5151,5151,5151,241,5151,5151,5151,5151,5151,5151,5151,5151,378,5151,5151,5151,5151,5151,5151,5151,5151,5151,379,5151,5151,5151,365,5151,5151,5151,5151,5151,5151,363,5151,5151,5151,5151,5151,5151,5151,0
12,43495,4,63,10,1,1,1,1,1,0,0.53968254,0,0,0,34.35,0,0,0,0,0,0,0,0,0,0,0,0,0,0,0,0,0,0,0,0,0,0,0,0,0,0,0,0,0,0,0,0,0,0,0,0,0,0,0,0,0,5160,0,5160,5160,5160,250,5160,5160,5160,5160,5160,5160,5160,5160,387,5160,5160,5160,5160,5160,5160,5160,5160,5160,389,5160,5160,5160,375,5160,5160,5160,5160,5160,5160,372,5160,5160,5160,5160,5160,5160,5160,0
12,43497,4,64,2,1,1,1,1,1,0,0.5625,0,0,0,34.35,0,0,0,0,0,0,0,0,0,0,0,0,0,0,0,0,0,0,0,0,0,0,0,0,0,0,0,0,0,0,0,0,0,0,0,0,0,0,0,0,0,5162,0,5162,5162,5162,252,5162,5162,5162,5162,5162,5162,5162,5162,389,5162,5162,5162,5162,5162,5162,5162,5162,5162,390,5162,5162,5162,376,5162,5162,5162,5162,5162,5162,374,5162,5162,5162,5162,5162,5162,5162,0
12,43498,4,61,1,1,1,1,1,1,0,0.573770492,0,0,0,34.35,0,0,0,0,0,0,0,0,0,0,0,0,0,0,0,0,0,0,0,0,0,0,0,0,0,0,0,0,0,0,0,0,0,0,0,0,0,0,0,0,0,5163,0,5163,5163,5163,253,5163,5163,5163,5163,5163,5163,5163,5163,390,5163,5163,5163,5163,5163,5163,5163,5163,5163,392,5163,5163,5163,377,5163,5163,5163,5163,5163,5163,375,5163,5163,5163,5163,5163,5163,5163,0
12,43502,4,64,4,1,1,1,1,1,0,0.546875,0,0,0,34.35,0,0,0,0,0,0,0,0,0,0,0,0,0,0,0,0,0,0,0,0,0,0,0,0,0,0,0,0,0,0,0,0,0,0,0,0,0,0,0,0,0,5168,0,5168,5168,5168,258,5168,5168,5168,5168,5168,5168,5168,5168,395,5168,5168,5168,5168,5168,5168,5168,5168,5168,396,5168,5168,5168,382,5168,5168,5168,5168,5168,5168,380,5168,5168,5168,5168,5168,5168,5168,0
12,43506,4,65,4,1,1,1,1,1,0,0.492307692,0,0,0,34.35,0,0,0,0,0,0,0,0,0,0,0,0,0,0,0,0,0,0,0,0,0,0,0,0,0,0,0,0,0,0,0,0,0,0,0,0,0,0,0,0,0,5171,0,5171,5171,5171,261,5171,5171,5171,5171,5171,5171,5171,5171,398,5171,5171,5171,5171,5171,5171,5171,5171,5171,400,5171,5171,5171,385,5171,5171,5171,5171,5171,5171,383,5171,5171,5171,5171,5171,5171,5171,0
12,43508,4,66,2,1,1,1,1,1,0,0.5,0,0,0,34.35,0,0,0,0,0,0,0,0,0,0,0,0,0,0,0,0,0,0,0,0,0,0,0,0,0,0,0,0,0,0,0,0,0,0,0,0,0,0,0,0,0,5174,0,5174,5174,5174,263,5174,5174,5174,5174,5174,5174,5174,5174,400,5174,5174,5174,5174,5174,5174,5174,5174,5174,402,5174,5174,5174,388,5174,5174,5174,5174,5174,5174,385,5174,5174,5174,5174,5174,5174,5174,0
12,43509,4,65,1,1,1,1,1,1,0,0.492307692,0,0,0,34.35,0,0,0,0,0,0,0,0,0,0,0,0,0,0,0,0,0,0,0,0,0,0,0,0,0,0,0,0,0,0,0,0,0,0,0,0,0,0,0,0,0,5174,0,5174,5174,5174,264,5174,5174,5174,5174,5174,5174,5174,5174,401,5174,5174,5174,5174,5174,5174,5174,5174,5174,403,5174,5174,5174,389,5174,5174,5174,5174,5174,5174,386,5174,5174,5174,5174,5174,5174,5174,0
12,43510,4,64,1,1,1,1,1,1,0,0.484375,0,0,0,34.35,0,0,0,0,0,0,0,0,0,0,0,0,0,0,0,0,0,0,0,0,0,0,0,0,0,0,0,0,0,0,0,0,0,0,0,0,0,0,0,0,0,5176,0,5176,5176,5176,265,5176,5176,5176,5176,5176,5176,5176,5176,402,5176,5176,5176,5176,5176,5176,5176,5176,5176,404,5176,5176,5176,390,5176,5176,5176,5176,5176,5176,387,5176,5176,5176,5176,5176,5176,5176,0
12,43511,4,64,1,1,1,1,1,1,0,0.484375,0,0,0,34.35,0,0,0,0,0,0,0,0,0,0,0,0,0,0,0,0,0,0,0,0,0,0,0,0,0,0,0,0,0,0,0,0,0,0,0,0,0,0,0,0,0,5176,0,5176,5176,5176,266,5176,5176,5176,5176,5176,5176,5176,5176,403,5176,5176,5176,5176,5176,5176,5176,5176,5176,405,5176,5176,5176,390,5176,5176,5176,5176,5176,5176,388,5176,5176,5176,5176,5176,5176,5176,0
12,43512,4,64,1,1,1,1,1,1,0,0.484375,0,0,0,34.35,0,0,0,0,0,0,0,0,0,0,0,0,0,0,0,0,0,0,0,0,0,0,0,0,0,0,0,0,0,0,0,0,0,0,0,0,0,0,0,0,0,5177,0,5177,5177,5177,267,5177,5177,5177,5177,5177,5177,5177,5177,404,5177,5177,5177,5177,5177,5177,5177,5177,5177,406,5177,5177,5177,391,5177,5177,5177,5177,5177,5177,389,5177,5177,5177,5177,5177,5177,5177,0
12,43512,4,62,0,1,1,1,1,1,0,0.5,0,0,0,34.35,0,0,0,0,0,0,0,0,0,0,0,0,0,0,0,0,0,0,0,0,0,0,0,0,0,0,0,0,0,0,0,0,0,0,0,0,0,0,0,0,0,5178,0,5178,5178,5178,268,5178,5178,5178,5178,5178,5178,5178,5178,405,5178,5178,5178,5178,5178,5178,5178,5178,5178,406,5178,5178,5178,392,5178,5178,5178,5178,5178,5178,390,5178,5178,5178,5178,5178,5178,5178,0
12,43514,4,56,2,1,1,1,1,1,0,0.446428571,0,0,0,34.35,0,0,0,0,0,0,0,0,0,0,0,0,0,0,0,0,0,0,0,0,0,0,0,0,0,0,0,0,0,0,0,0,0,0,0,0,0,0,0,0,0,5180,0,5180,5180,5180,269,5180,5180,5180,5180,5180,5180,5180,5180,407,5180,5180,5180,5180,5180,5180,5180,5180,5180,408,5180,5180,5180,394,5180,5180,5180,5180,5180,5180,392,5180,5180,5180,5180,5180,5180,5180,0
12,43516,4,57,2,1,1,1,1,1,0,0.438596491,0,0,0,34.35,0,0,0,0,0,0,0,0,0,0,0,0,0,0,0,0,0,0,0,0,0,0,0,0,0,0,0,0,0,0,0,0,0,0,0,0,0,0,0,0,0,5182,0,5182,5182,5182,272,5182,5182,5182,5182,5182,5182,5182,5182,409,5182,5182,5182,5182,5182,5182,5182,5182,5182,410,5182,5182,5182,396,5182,5182,5182,5182,5182,5182,394,5182,5182,5182,5182,5182,5182,5182,0
12,43520,4,60,4,1,1,1,1,1,0,0.416666667,0,0,0,34.35,0,0,0,0,0,0,0,0,0,0,0,0,0,0,0,0,0,0,0,0,0,0,0,0,0,0,0,0,0,0,0,0,0,0,0,0,0,0,0,0,0,5185,0,5185,5185,5185,275,5185,5185,5185,5185,5185,5185,5185,5185,412,5185,5185,5185,5185,5185,5185,5185,5185,5185,414,5185,5185,5185,400,5185,5185,5185,5185,5185,5185,397,5185,5185,5185,5185,5185,5185,5185,0
12,43521,4,59,1,1,1,1,1,1,0,0.559322034,0,0,0,34.35,0,0,0,0,0,0,0,0,0,0,0,0,0,0,0,0,0,0,0,0,0,0,0,0,0,0,0,0,0,0,0,0,0,0,0,0,0,0,0,0,0,5186,0,5186,5186,5186,276,5186,5186,5186,5186,5186,5186,5186,5186,413,5186,5186,5186,5186,5186,5186,5186,5186,5186,415,5186,5186,5186,400,5186,5186,5186,5186,5186,5186,398,5186,5186,5186,5186,5186,5186,5186,0
12,43522,4,56,1,1,1,1,1,1,0,0.553571429,0,0,0,34.35,0,0,0,0,0,0,0,0,0,0,0,0,0,0,0,0,0,0,0,0,0,0,0,0,0,0,0,0,0,0,0,0,0,0,0,0,0,0,0,0,0,5187,0,5187,5187,5187,277,5187,5187,5187,5187,5187,5187,5187,5187,414,5187,5187,5187,5187,5187,5187,5187,5187,5187,416,5187,5187,5187,402,5187,5187,5187,5187,5187,5187,399,5187,5187,5187,5187,5187,5187,5187,0
12,43524,4,55,2,1,1,1,1,1,0,0.527272727,0,0,0,34.35,0,0,0,0,0,0,0,0,0,0,0,0,0,0,0,0,0,0,0,0,0,0,0,0,0,0,0,0,0,0,0,0,0,0,0,0,0,0,0,0,0,5190,0,5190,5190,5190,279,5190,5190,5190,5190,5190,5190,5190,5190,416,5190,5190,5190,5190,5190,5190,5190,5190,5190,418,5190,5190,5190,404,5190,5190,5190,5190,5190,5190,401,5190,5190,5190,5190,5190,5190,5190,0
12,43530,4,58,6,1,1,1,1,1,0,0.517241379,0,0,0,34.35,0,0,0,0,0,0,0,0,0,0,0,0,0,0,0,0,0,0,0,0,0,0,0,0,0,0,0,0,0,0,0,0,0,0,0,0,0,0,0,0,0,5196,0,5196,5196,5196,285,5196,5196,5196,5196,5196,5196,5196,5196,423,5196,5196,5196,5196,5196,5196,5196,5196,5196,424,5196,5196,5196,410,5196,5196,5196,5196,5196,5196,407,5196,5196,5196,5196,5196,5196,5196,0
12,43532,4,59,2,1,1,1,1,1,0,0.559322034,0,0,0,34.35,0,0,0,0,0,0,0,0,0,0,0,0,0,0,0,0,0,0,0,0,0,0,0,0,0,0,0,0,0,0,0,0,0,0,0,0,0,0,0,0,0,5198,0,5198,5198,5198,288,5198,5198,5198,5198,5198,5198,5198,5198,425,5198,5198,5198,5198,5198,5198,5198,5198,5198,426,5198,5198,5198,412,5198,5198,5198,5198,5198,5198,410,5198,5198,5198,5198,5198,5198,5198,0
12,43537,4,64,5,1,1,1,1,1,0,0.546875,0,0,0,34.35,0,0,0,0,0,0,0,0,0,0,0,0,0,0,0,0,0,0,0,0,0,0,0,0,0,0,0,0,0,0,0,0,0,0,0,0,0,0,0,0,0,5202,0,5202,5202,5202,0,5202,5202,5202,5202,5202,5202,5202,5202,429,5202,5202,5202,5202,5202,5202,5202,5202,5202,431,5202,5202,5202,416,5202,5202,5202,5202,5202,5202,414,5202,5202,5202,5202,5202,5202,5202,0
12,43603,4,128,66,1,1,28,28,28,0.04727928,0.265625,1,0,0,33.35,0,0,0,0,0,0,0,0,0,0,0,0,0,0,0,0,0,0,0,0,0,0,0,0,0,0,1,0,0,0,0,0,0,0,0,0,0,0,0,0,0,5269,66,5269,5269,5269,65,5269,5269,5269,5269,5269,5269,5269,5269,495,5269,5269,5269,5269,5269,5269,5269,5269,5269,497,5269,5269,5269,0,5269,5269,5269,5269,5269,5269,55,5269,5269,5269,5269,5269,5269,5269,1
12,43604,4,128,1,1,1,28,28,28,0.353359335,0.265625,1,0,0,32.34,0,0,0,0,0,0,0,0,0,0,0,0,0,0,0,0,0,0,0,0,0,0,0,0,0,0,2.01,0,0,0,0,0,0,0,0,0,0,0,0,0,0,5269,66,5269,5269,5269,66,5269,5269,5269,5269,5269,5269,5269,5269,496,5269,5269,5269,5269,5269,5269,5269,5269,5269,498,5269,5269,5269,0,5269,5269,5269,5269,5269,5269,56,5269,5269,5269,5269,5269,5269,5269,1
12,43607,4,130,3,1,1,35,35,35,0.397262157,0.261538462,2,0,0,31.32,0,0,0,0,0,0,0,0,0,0,0,0,0,0,0,0,0,0,0,0,0,0,0,0,0,0,2.03,0,0,0,0,0,0,1,0,0,0,0,0,0,0,5273,70,5273,5273,5273,70,5273,5273,5273,5273,5273,5273,5273,5273,500,5273,5273,5273,5273,5273,5273,5273,5273,5273,501,5273,5273,5273,3,5273,5273,5273,5273,5273,5273,0,5273,5273,5273,5273,5273,5273,5273,1
12,43608,4,130,1,1,1,28,28,28,0.511116903,0.261538462,3,0,0,30.29,0,0,0,0,0,0,0,0,0,0,0,0,0,0,0,0,0,0,0,0,0,0,0,0,0,0,3.05,0,0,0,0,0,0,1.01,0,0,0,0,0,0,0,5273,70,5273,5273,5273,70,5273,5273,5273,5273,5273,5273,5273,5273,500,5273,5273,5273,5273,5273,5273,5273,5273,5273,502,5273,5273,5273,0,5273,5273,5273,5273,5273,5273,0,5273,5273,5273,5273,5273,5273,5273,1
12,43609,4,130,1,1,1,35,35,35,0.811847521,0.253846154,4,0,0,29.25,0,0,0,0,0,0,0,0,0,0,0,0,0,0,0,0,0,0,0,0,0,0,0,0,0,0,3.08,0,0,0,0,0,0,2.02,0,0,0,0,0,0,0,5274,71,5274,5274,5274,71,5274,5274,5274,5274,5274,5274,5274,5274,501,5274,5274,5274,5274,5274,5274,5274,5274,5274,502,5274,5274,5274,0,5274,5274,5274,5274,5274,5274,0,5274,5274,5274,5274,5274,5274,5274,1
12,43609,4,128,0,1,1,28,28,28,0.905587262,0.2578125,5,0,0,28.2,0,0,0,0,0,0,0,0,0,0,0,0,0,0,0,0,0,0,0,0,0,0,0,0,0,0,4.11,0,0,0,0,0,0,2.04,0,0,0,0,0,0,0,5274,71,5274,5274,5274,71,5274,5274,5274,5274,5274,5274,5274,5274,501,5274,5274,5274,5274,5274,5274,5274,5274,5274,503,5274,5274,5274,0,5274,5274,5274,5274,5274,5274,0,5274,5274,5274,5274,5274,5274,5274,1
12,43609,4,126,0,1,1,35,35,35,1.013663513,0.261904762,6,0,0,27.14,0,0,0,0,0,0,0,0,0,0,0,0,0,0,0,0,0,0,0,0,0,0,0,0,0,0,4.15,0,0,0,0,0,0,3.06,0,0,0,0,0,0,0,5274,72,5274,5274,5274,71,5274,5274,5274,5274,5274,5274,5274,5274,501,5274,5274,5274,5274,5274,5274,5274,5274,5274,503,5274,5274,5274,0,5274,5274,5274,5274,5274,5274,0,5274,5274,5274,5274,5274,5274,5274,1